판매물품,가격
"[쿠폰가 14,500원] 시그니처 블루 70매 캡 10팩 외 인기 상품 모음전","20,710원"
[10%+20% 워너비] 뽀로로 타요 띠띠뽀 어린이날 장난감 대축제,"10,900원"
[쿠폰10%+40%+T11%] 에이지투웨니스 이나영팩트 선물세트 비교불가 최초,"14,900원"
"[명품7%+7%] 헬렌카민스키, 구찌, 생로랑 인기 상품 제안전 최대 65%","139,000원"
2080 치약&가글 구강케어 베스트 구성 (+ 본품 추가증정),"7,900원"
매일 뼈로가는 칼슘두유 190ml x 64팩 검은콩두유 매일두유,"21,900원"
[기프티콘] 해피머니 온라인상품권 5만원권,"47,000원"
[타임딜] 카파키즈 아동 운동화/우븐슈즈/슬립온/티셔츠/트레이닝팬츠 모음전,"13,900원"
[쿠폰가8800원부터~]오랄비 기능별 베스트 칫솔/치실 모음전+팬틴 샴푸90ml,"11,500원"
[타임딜] [10%+10%+T멤5%] 전품목 1+1 더프트앤도프트 바디워시/핸드크,"11,000원"
[30%쿠폰] 케라시스 데빌스 퍼퓸 샴푸/린스 500ml x2개 (+ 본품 500ml 한통,"10,900원"
[긴/급/공/수]머거본 꾸이큰통 290G x2통 외 (라인프렌즈/허니버터아몬드/칼,"11,900원"
*매장상품* 홍삼정 에브리타임 10ml*30포,"86,400원"
35%쿠폰+T22%! 메리바움 ~86% 신상&인기 빅세일! 린넨업댓! 셔츠/원피스/,"10,900원"
[한만두] 불곱창군만두 280gx3봉 외 14종 골라담기,"6,900원"
[5만원권] 온라인 도서문화 상품권 6% 즉시할인 북앤라이프,"47,000원"
코크제로 캔 355ml 24개,"17,390원"
케이티앤지 릴 플러스/릴 미니 입점 기념 프로모션,"30,000원"
[단독 선런칭] 에뛰드 로제와인 NEW 10색 팔레트/립스톡 외 BEST ~50%,"5,000원"
고당도 호주산 블랙사파이어 가지포도 1kg/2set시 +300g,"11,900원"
[정관장]홍삼정 에브리타임 밸런스 30포 1박스+3포 추가 증정,"53,900원"
바로냉동_통그릴 비엔나 360gx2 + 윈너300gx2 + 후랑크250gx2,"15,490원"
블랙야크&키즈 가정의달 선물 의류/트레킹화 스페셜 혜택전,"14,900원"
바로냉동_덴마크 인포켓치즈20gx20개 + 인포켓치즈 트러플 10개,"19,140원"
"[22%+11%+T11%]싸이닉, 믿고쓰는 썬케어! 내게 딱맞는 썬! 골라보썬!","9,600원"
30%쿠폰+T22%! 온더리버 ~70% 신상&인기 세일! 셔츠/원피스/티셔츠/자켓/,"9,900원"
[20%] 지오다노 미리 준비하는 5월 선물 리스트! 인기 맨투맨/셔츠/팬츠 ~7,"8,500원"
[타임딜] [46%할인] 데싱디바 어린이날 키즈 네일 선물 특가,"5,900원"
[10만원권] 신세계백화점 상품권 카드결제가능,"98,000원"
스파클 생수 2L 30개,"13,900원"
국내정식 QCY T5 TWS 무선 블루투스 5.0 자동 페어링,"20,500원"
[10%+10%쿠폰]ANLAN 냉온 갈바닉 피부관리기 음이온진동 LED광파 홈케어,"34,800원"
브라운 체온계 IRT 6520/재고보유/귀 적외선 체온계/발열 상태 표시/메모리,"81,200원"
FILA 20SS 의류/슈즈 가정의 달 스페셜 혜택 모음,"29,000원"
캐논 PIXMA MG3090 컬러잉크젯복합기 잉크포함 복사+인쇄+스캔 T,"39,900원"
[CJ제일제당] 비비고 냉동면 칼국수 외 + [증정]찐왕교자 or 수제고기만두 /일,"20,840원"
[7%쿠폰+중복30%] 로레알파리 헤어팩/오일/샴푸/린스/세럼/염색 BEST+증,"13,900원"
"[쿠폰적용가 279,000원][BRAUN]면도기9385cc+세정액4입+질레트젤195g+신","309,000원"
"[7+25% 개당 2,340~] 거버 이유식 퓨레 퍼프 3팩+1팩 특별구성 + 어린이날","13,900원"
"[아침이슬사과] 경북 맛있고 신선한 가정용 흠과, 주스용 사과 11kg","13,900원"
[25~26일 기획전20%] 팸퍼스 기저귀 1박스 베스트 모음딜 배이비드라이외 전,"56,120원"
넥슨캐시 5만원권_프로모션,"46,500원"
[10%+10%쿠폰]솔가 2개 보스웰리아 폴리코사놀 엽산 칼슘 마그네슘 비타민,"16,060원"
이고진 요가용품 친환경 실내 와이드 요가매트 NBR TPE 폼롤러 필라테스링,"11,800원"
[ACP] 남성 썸머 라이트 진 3종,"62,790원"
[델라스텔라]데일리 소가죽백 크로스/토트/숄더백 ! 86%off,"9,900원"
신비아파트3 강림 퇴마봉인활검 예약발송,"75,000원"
[15%+T22%]리얼코코 봄신상 원피스/블라우스/자켓트렌치코트/블라우스/셔,"14,900원"
[10+20% 쿠폰]띠띠뽀 타요 어린이날 찰떡궁합 세트 완구,"30,900원"
"[T멤버십 최대5,000원 할인][11번가 단독 기획상품] 스피드랙 3단 1+1 기획특","49,700원"
